table_name	family	contains	common_analyses	profile_file	analysis_columns_file	full_columns_file	analysis_column_count	full_column_count
Z_ABV_CWS_MABI_ONC_ANALYTICS.MABI_AML_REGIMEN_REVAMP_UPDATED_TX_TBL_BUSINESS_RULE_CHANGE_VAL_v2	aml_base_layer	Raw AML treatment claims for pool patients on the 28-product basket, before DOS/grace	aml_tx_build	context/data/tables/z_abv_cws_mabi_onc_analytics_mabi_aml_regimen_revamp_updated_tx_tbl/profile.md	context/data/tables/z_abv_cws_mabi_onc_analytics_mabi_aml_regimen_revamp_updated_tx_tbl/analysis_columns.tsv	context/data/tables/z_abv_cws_mabi_onc_analytics_mabi_aml_regimen_revamp_updated_tx_tbl/columns.tsv	6	9
Z_ABV_CWS_MABI_ONC_ANALYTICS.MABI_AML_REGIMEN_REVAMP_UPDATED_TX_TBL_FINAL_BUSINESS_RULE_CHANGE_VAL	aml_base_layer	AML base-layer treatment claims for the 28-product basket with per-claim DOS and grace attached	aml_lot_base | aml_persistency | aml_hcp_affiliations	context/data/tables/z_abv_cws_mabi_onc_analytics_mabi_aml_regimen_revamp_updated_tx_tbl_final/profile.md	context/data/tables/z_abv_cws_mabi_onc_analytics_mabi_aml_regimen_revamp_updated_tx_tbl_final/analysis_columns.tsv	context/data/tables/z_abv_cws_mabi_onc_analytics_mabi_aml_regimen_revamp_updated_tx_tbl_final/columns.tsv	8	11
Z_ABV_CWS_MABI_ONC_ANALYTICS.MABI_AML_REGIMEN_REVAMP_EPISODE_BUSINESS_RULE_CHANGE_VAL	aml_base_layer	AML product episodes (one row per patient x product x episode) built by pldlib stencil.sob + stencil.episode	aml_persistency | aml_days_on_therapy | ven_start_end | source_of_business	context/data/tables/z_abv_cws_mabi_onc_analytics_mabi_aml_regimen_revamp_episode/profile.md	context/data/tables/z_abv_cws_mabi_onc_analytics_mabi_aml_regimen_revamp_episode/analysis_columns.tsv	context/data/tables/z_abv_cws_mabi_onc_analytics_mabi_aml_regimen_revamp_episode/columns.tsv	7	22
Z_ABV_CWS_MABI_ONC_ANALYTICS.MABI_AML_REGIMEN_REVAMP_SOB_BUSINESS_RULE_CHANGE_VAL_v2	aml_base_layer	pldlib stencil.sob output: de-duplicated AML treatment claims with episode numbers, episode dates and source-of-business labels	aml_episode_build	context/data/tables/z_abv_cws_mabi_onc_analytics_mabi_aml_regimen_revamp_sob/profile.md	context/data/tables/z_abv_cws_mabi_onc_analytics_mabi_aml_regimen_revamp_sob/analysis_columns.tsv	context/data/tables/z_abv_cws_mabi_onc_analytics_mabi_aml_regimen_revamp_sob/columns.tsv	13	35
Z_ABV_CWS_MABI_ONC_ANALYTICS.MABI_AML_REGIMEN_REVAMP_BASIC_REGIMEN_BUSINESS_RULE_CHANGE_VAL	aml_base_layer	AML regimens: overlapping product episodes combined into one comma-joined regimen per period	aml_regimen_mix | aml_lot_base	context/data/tables/z_abv_cws_mabi_onc_analytics_mabi_aml_regimen_revamp_basic_regimen/profile.md	context/data/tables/z_abv_cws_mabi_onc_analytics_mabi_aml_regimen_revamp_basic_regimen/analysis_columns.tsv	context/data/tables/z_abv_cws_mabi_onc_analytics_mabi_aml_regimen_revamp_basic_regimen/columns.tsv	5	17
Z_ABV_CWS_MABI_ONC_ANALYTICS.MABI_AML_IC_ELIG_LOT_FINAL_BUSINESS_RULE_CHANGE_VAL_v2	aml_base_layer	Regimen-level LoT for IC Eligible AML patients (28-product backbone hierarchy)	aml_lot_build	context/data/tables/z_abv_cws_mabi_onc_analytics_mabi_aml_ic_elig_lot_final/profile.md	context/data/tables/z_abv_cws_mabi_onc_analytics_mabi_aml_ic_elig_lot_final/analysis_columns.tsv	context/data/tables/z_abv_cws_mabi_onc_analytics_mabi_aml_ic_elig_lot_final/columns.tsv	9	11
Z_ABV_CWS_MABI_ONC_ANALYTICS.MABI_AML_IC_INELIG_LOT_FINAL_BUSINESS_RULE_CHANGE_VAL_v2	aml_base_layer	Regimen-level LoT for IC Ineligible AML patients (11-product backbone hierarchy)	aml_lot_build	context/data/tables/z_abv_cws_mabi_onc_analytics_mabi_aml_ic_inelig_lot_final/profile.md	context/data/tables/z_abv_cws_mabi_onc_analytics_mabi_aml_ic_inelig_lot_final/analysis_columns.tsv	context/data/tables/z_abv_cws_mabi_onc_analytics_mabi_aml_ic_inelig_lot_final/columns.tsv	9	11
Z_ABV_CWS_MABI_ONC_ANALYTICS.MABI_AML_PATS_COMB_LOT_TBL_BUSINESS_RULE_CHANGE_VAL	aml_base_layer	AML regimen-level line of therapy with backbone, gap-and-backbone line-change flag and patient intensity (union of IC_ELIG and IC_INELIG builds)	aml_lot_distribution | aml_nps_by_lot | aml_regimen_by_line | aml_days_on_therapy	context/data/tables/z_abv_cws_mabi_onc_analytics_mabi_aml_pats_comb_lot_tbl/profile.md	context/data/tables/z_abv_cws_mabi_onc_analytics_mabi_aml_pats_comb_lot_tbl/analysis_columns.tsv	context/data/tables/z_abv_cws_mabi_onc_analytics_mabi_aml_pats_comb_lot_tbl/columns.tsv	8	10
Z_ABV_CWS_MABI_ONC_ANALYTICS.MABI_AML_PATS_LOT_GROUPING_TBL_BUSINESS_RULE_CHANGE_VAL	aml_base_layer	One row per AML patient line: line start/end and the union of every product used in the line	aml_regimen_by_line | aml_days_on_therapy | aml_intensity_rule_b	context/data/tables/z_abv_cws_mabi_onc_analytics_mabi_aml_pats_lot_grouping_tbl/profile.md	context/data/tables/z_abv_cws_mabi_onc_analytics_mabi_aml_pats_lot_grouping_tbl/analysis_columns.tsv	context/data/tables/z_abv_cws_mabi_onc_analytics_mabi_aml_pats_lot_grouping_tbl/columns.tsv	5	5
Z_ABV_CWS_MABI_ONC_ANALYTICS.MABI_AML_REGIMEN_REVAMP_PATIENT_COHORT_BUSINESS_RULE_CHANGE_VAL	aml_base_layer	legacy rule patient intensity (IC_ELIG / IC_INELIG) per AML patient, decided once over the whole journey	aml_intensity_split | aml_lot_base	context/data/tables/z_abv_cws_mabi_onc_analytics_mabi_aml_regimen_revamp_patient_cohort/profile.md	context/data/tables/z_abv_cws_mabi_onc_analytics_mabi_aml_regimen_revamp_patient_cohort/analysis_columns.tsv	context/data/tables/z_abv_cws_mabi_onc_analytics_mabi_aml_regimen_revamp_patient_cohort/columns.tsv	3	4
Z_ABV_CWS_MABI_ONC_ANALYTICS.PATIENT_INTENSITY_BASED_ON_AGE_N_PRODUCT	aml_base_layer	new definition (age + line-1 product) AML patient intensity and the matching line-1 backbone	aml_intensity_rule_b | aml_intensity_comparison	context/data/tables/z_abv_cws_mabi_onc_analytics_patient_intensity_based_on_age_n_product/profile.md	context/data/tables/z_abv_cws_mabi_onc_analytics_patient_intensity_based_on_age_n_product/analysis_columns.tsv	context/data/tables/z_abv_cws_mabi_onc_analytics_patient_intensity_based_on_age_n_product/columns.tsv	4	8
Z_ABV_CWS_MABI_ONC_ANALYTICS.MABI_AML_LOT_PAT_DX_LB_ELIG_TBL_BUSINESS_RULE_CHANGE_VAL	aml_base_layer	Patients passing Diagnosis lookback eligibility (DX_LB_ELIG_FLG)	aml_eligibility_flags	context/data/tables/z_abv_cws_mabi_onc_analytics_mabi_aml_lot_pat_dx_lb_elig_tbl/profile.md	context/data/tables/z_abv_cws_mabi_onc_analytics_mabi_aml_lot_pat_dx_lb_elig_tbl/analysis_columns.tsv	context/data/tables/z_abv_cws_mabi_onc_analytics_mabi_aml_lot_pat_dx_lb_elig_tbl/columns.tsv	1	1
Z_ABV_CWS_MABI_ONC_ANALYTICS.MABI_AML_LOT_PAT_ELIG_FLAGS_FINAL_BUSINESS_RULE_CHANGE_VAL	aml_base_layer	Per-patient AML eligibility, timing, transplant and intensity flags that gate the AML KPIs (NPS share, SCT, BMB)	aml_nps_share | sct_rate | bmb_rate | aml_eligibility	context/data/tables/z_abv_cws_mabi_onc_analytics_mabi_aml_lot_pat_elig_flags_final/profile.md	context/data/tables/z_abv_cws_mabi_onc_analytics_mabi_aml_lot_pat_elig_flags_final/analysis_columns.tsv	context/data/tables/z_abv_cws_mabi_onc_analytics_mabi_aml_lot_pat_elig_flags_final/columns.tsv	16	19
Z_ABV_CWS_MABI_ONC_ANALYTICS.MABI_AML_LOT_PAT_FST_DX_TX_TBL_BUSINESS_RULE_CHANGE_VAL	aml_base_layer	Per-patient AML anchor dates: first AML diagnosis, first and last treatment, Venclexta start and end	aml_time_to_treatment | ven_start_cohorts | aml_eligibility	context/data/tables/z_abv_cws_mabi_onc_analytics_mabi_aml_lot_pat_fst_dx_tx_tbl/profile.md	context/data/tables/z_abv_cws_mabi_onc_analytics_mabi_aml_lot_pat_fst_dx_tx_tbl/analysis_columns.tsv	context/data/tables/z_abv_cws_mabi_onc_analytics_mabi_aml_lot_pat_fst_dx_tx_tbl/columns.tsv	6	6
Z_ABV_CWS_MABI_ONC_ANALYTICS.MABI_AML_LOT_PAT_TX_MX_TXL_ELIG_TBL_BUSINESS_RULE_CHANGE_VAL	aml_base_layer	Patients passing Mx continuity over the AML journey (TX_TXL_MX_ELIG_FLG)	aml_eligibility_flags	context/data/tables/z_abv_cws_mabi_onc_analytics_mabi_aml_lot_pat_tx_mx_txl_elig_tbl/profile.md	context/data/tables/z_abv_cws_mabi_onc_analytics_mabi_aml_lot_pat_tx_mx_txl_elig_tbl/analysis_columns.tsv	context/data/tables/z_abv_cws_mabi_onc_analytics_mabi_aml_lot_pat_tx_mx_txl_elig_tbl/columns.tsv	1	1
Z_ABV_CWS_MABI_ONC_ANALYTICS.MABI_AML_LOT_PAT_TX_RX_TXL_ELIG_TBL_BUSINESS_RULE_CHANGE_VAL	aml_base_layer	Patients passing Rx continuity over the AML journey (TX_TXL_RX_ELIG_FLG)	aml_eligibility_flags	context/data/tables/z_abv_cws_mabi_onc_analytics_mabi_aml_lot_pat_tx_rx_txl_elig_tbl/profile.md	context/data/tables/z_abv_cws_mabi_onc_analytics_mabi_aml_lot_pat_tx_rx_txl_elig_tbl/analysis_columns.tsv	context/data/tables/z_abv_cws_mabi_onc_analytics_mabi_aml_lot_pat_tx_rx_txl_elig_tbl/columns.tsv	1	1
Z_ABV_CWS_MABI_ONC_ANALYTICS.MABI_AML_LOT_PAT_VEN_TX_MX_LB_ELIG_TBL_BUSINESS_RULE_CHANGE_VAL	aml_base_layer	Patients passing Mx calendar-semester lookback before Venclexta start (TX_MX_LB_ELIG_VEN_FLG)	aml_eligibility_flags	context/data/tables/z_abv_cws_mabi_onc_analytics_mabi_aml_lot_pat_ven_tx_mx_lb_elig_tbl/profile.md	context/data/tables/z_abv_cws_mabi_onc_analytics_mabi_aml_lot_pat_ven_tx_mx_lb_elig_tbl/analysis_columns.tsv	context/data/tables/z_abv_cws_mabi_onc_analytics_mabi_aml_lot_pat_ven_tx_mx_lb_elig_tbl/columns.tsv	1	1
Z_ABV_CWS_MABI_ONC_ANALYTICS.MABI_AML_LOT_PAT_VEN_TX_MX_TXL_ELIG_TBL_BUSINESS_RULE_CHANGE_VAL	aml_base_layer	Patients passing Mx continuity over the Venclexta journey (TX_TXL_MX_ELIG_VEN_FLG)	aml_eligibility_flags	context/data/tables/z_abv_cws_mabi_onc_analytics_mabi_aml_lot_pat_ven_tx_mx_txl_elig_tbl/profile.md	context/data/tables/z_abv_cws_mabi_onc_analytics_mabi_aml_lot_pat_ven_tx_mx_txl_elig_tbl/analysis_columns.tsv	context/data/tables/z_abv_cws_mabi_onc_analytics_mabi_aml_lot_pat_ven_tx_mx_txl_elig_tbl/columns.tsv	1	1
Z_ABV_CWS_MABI_ONC_ANALYTICS.MABI_AML_LOT_PAT_VEN_TX_RX_LB_ELIG_TBL_BUSINESS_RULE_CHANGE_VAL	aml_base_layer	Patients passing Rx calendar-semester lookback before Venclexta start (TX_RX_LB_ELIG_VEN_FLG)	aml_eligibility_flags	context/data/tables/z_abv_cws_mabi_onc_analytics_mabi_aml_lot_pat_ven_tx_rx_lb_elig_tbl/profile.md	context/data/tables/z_abv_cws_mabi_onc_analytics_mabi_aml_lot_pat_ven_tx_rx_lb_elig_tbl/analysis_columns.tsv	context/data/tables/z_abv_cws_mabi_onc_analytics_mabi_aml_lot_pat_ven_tx_rx_lb_elig_tbl/columns.tsv	1	1
Z_ABV_CWS_MABI_ONC_ANALYTICS.MABI_AML_LOT_PAT_VEN_TX_RX_TXL_ELIG_TBL_BUSINESS_RULE_CHANGE_VAL	aml_base_layer	Patients passing Rx continuity over the Venclexta journey (TX_TXL_RX_ELIG_VEN_FLG)	aml_eligibility_flags	context/data/tables/z_abv_cws_mabi_onc_analytics_mabi_aml_lot_pat_ven_tx_rx_txl_elig_tbl/profile.md	context/data/tables/z_abv_cws_mabi_onc_analytics_mabi_aml_lot_pat_ven_tx_rx_txl_elig_tbl/analysis_columns.tsv	context/data/tables/z_abv_cws_mabi_onc_analytics_mabi_aml_lot_pat_ven_tx_rx_txl_elig_tbl/columns.tsv	1	1
Z_ABV_CWS_MABI_ONC_ANALYTICS.MABI_MX_ACT_TBL_AML_EXACT_DATES_KA_v2	aml_base_layer	Distinct patient x claim date of medical (Mx) activity for AML base-layer patients	aml_eligibility_flags	context/data/tables/z_abv_cws_mabi_onc_analytics_mabi_mx_act_tbl_aml_exact_dates_ka_v2/profile.md	context/data/tables/z_abv_cws_mabi_onc_analytics_mabi_mx_act_tbl_aml_exact_dates_ka_v2/analysis_columns.tsv	context/data/tables/z_abv_cws_mabi_onc_analytics_mabi_mx_act_tbl_aml_exact_dates_ka_v2/columns.tsv	2	2
Z_ABV_CWS_MABI_ONC_ANALYTICS.MABI_RX_ACT_TBL_AML_EXACT_DATES_KA	aml_base_layer	Distinct patient x claim date of pharmacy (Rx) activity for AML base-layer patients	aml_eligibility_flags	context/data/tables/z_abv_cws_mabi_onc_analytics_mabi_rx_act_tbl_aml_exact_dates_ka/profile.md	context/data/tables/z_abv_cws_mabi_onc_analytics_mabi_rx_act_tbl_aml_exact_dates_ka/analysis_columns.tsv	context/data/tables/z_abv_cws_mabi_onc_analytics_mabi_rx_act_tbl_aml_exact_dates_ka/columns.tsv	2	2
Z_ABV_CWS_MABI_ONC_ANALYTICS.MABI_AML_HCP_AFFILIATIONS	aml_base_layer	NPIs on AML treatment claims mapped to Abbott customer ID, child account and site-of-care group	aml_site_of_care | aml_hcp_account_mapping	context/data/tables/z_abv_cws_mabi_onc_analytics_mabi_aml_hcp_affiliations/profile.md	context/data/tables/z_abv_cws_mabi_onc_analytics_mabi_aml_hcp_affiliations/analysis_columns.tsv	context/data/tables/z_abv_cws_mabi_onc_analytics_mabi_aml_hcp_affiliations/columns.tsv	4	4
Z_ABV_CWS_MABI_ONC_ANALYTICS.MABI_AML_PATS_LOT_RR_12M_UPD_BUSINESS_RULE_CHANGE_VAL	aml_base_layer	AML regimen-level LoT with the relapse/remission promotion applied, giving the 1L / 2L+ group	aml_lot_distribution | aml_nps_by_lot | aml_lot_group	context/data/tables/z_abv_cws_mabi_onc_analytics_mabi_aml_pats_lot_rr_12m_upd/profile.md	context/data/tables/z_abv_cws_mabi_onc_analytics_mabi_aml_pats_lot_rr_12m_upd/analysis_columns.tsv	context/data/tables/z_abv_cws_mabi_onc_analytics_mabi_aml_pats_lot_rr_12m_upd/columns.tsv	9	15
Z_ABV_CWS_MABI_ONC_ANALYTICS.MABI_AML_NPS_DASHBOARD_REG_NPI_ACI_MAPPING_UPDATED_BUSINESS_RULES_v2_SATEEK	aml_nps_dashboard	AML lines joined to their backbone-product claims, with the initiating NPI and Abbott customer id	aml_nps_hcp_attribution	context/data/tables/z_abv_cws_mabi_onc_analytics_mabi_aml_nps_dashboard_reg_npi_aci_mapping_updated_business_rules_v2_sateek/profile.md	context/data/tables/z_abv_cws_mabi_onc_analytics_mabi_aml_nps_dashboard_reg_npi_aci_mapping_updated_business_rules_v2_sateek/analysis_columns.tsv	context/data/tables/z_abv_cws_mabi_onc_analytics_mabi_aml_nps_dashboard_reg_npi_aci_mapping_updated_business_rules_v2_sateek/columns.tsv	8	18
Z_ABV_CWS_MABI_ONC_ANALYTICS.MABI_AML_NPS_DASHBOARD_1L_IC_INELIG_ACCT_TYPE_GRP_UPDATED_BUSINESS_RULES_v2_SATEEK	aml_nps_dashboard	Account type group (Academic / Academic Satellite / Larger or Smaller Community / Federal) per initiating AML NPS HCP	aml_nps_by_account	context/data/tables/z_abv_cws_mabi_onc_analytics_mabi_aml_nps_dashboard_1l_ic_inelig_acct_type_grp_updated_business_rules_v2_sateek/profile.md	context/data/tables/z_abv_cws_mabi_onc_analytics_mabi_aml_nps_dashboard_1l_ic_inelig_acct_type_grp_updated_business_rules_v2_sateek/analysis_columns.tsv	context/data/tables/z_abv_cws_mabi_onc_analytics_mabi_aml_nps_dashboard_1l_ic_inelig_acct_type_grp_updated_business_rules_v2_sateek/columns.tsv	3	3
Z_ABV_CWS_MABI_ONC_ANALYTICS.MABI_AML_NPS_DASHBOARD_REG_HCP_INFO_MAPPING_UPDATED_BUSINESS_RULES_v2_SATEEK	aml_nps_dashboard	AML lines with the initiating HCP, decile, above-brand and execution segment and account subtype	aml_nps_by_segment | aml_nps_by_account	context/data/tables/z_abv_cws_mabi_onc_analytics_mabi_aml_nps_dashboard_reg_hcp_info_mapping_updated_business_rules_v2_sateek/profile.md	context/data/tables/z_abv_cws_mabi_onc_analytics_mabi_aml_nps_dashboard_reg_hcp_info_mapping_updated_business_rules_v2_sateek/analysis_columns.tsv	context/data/tables/z_abv_cws_mabi_onc_analytics_mabi_aml_nps_dashboard_reg_hcp_info_mapping_updated_business_rules_v2_sateek/columns.tsv	8	13
Z_ABV_CWS_MABI_ONC_ANALYTICS.MABI_AML_NPS_DASHBOARD_1L_IC_INELIG_PBI_DATA_UPDATED_BUSINESS_RULES_v2_SATEEK	aml_nps_dashboard	Legacy AML NPS Power BI dataset: every line with backbone group, initiating HCP, segments and account subtype	aml_nps_dashboard | aml_nps_by_backbone | aml_nps_by_account | aml_nps_by_segment	context/data/tables/z_abv_cws_mabi_onc_analytics_mabi_aml_nps_dashboard_1l_ic_inelig_pbi_data_updated_business_rules_v2_sateek/profile.md	context/data/tables/z_abv_cws_mabi_onc_analytics_mabi_aml_nps_dashboard_1l_ic_inelig_pbi_data_updated_business_rules_v2_sateek/analysis_columns.tsv	context/data/tables/z_abv_cws_mabi_onc_analytics_mabi_aml_nps_dashboard_1l_ic_inelig_pbi_data_updated_business_rules_v2_sateek/columns.tsv	10	14
Z_ABV_CWS_MABI_ONC_ANALYTICS.MABI_AML_NPS_DASHBOARD_LOT_MONTH_NPS_SUMMARY_UPDATED_BUSINESS_RULES_v2_SATEEK	aml_nps_dashboard	AML NPS volume and VEN / HMA / other share by eligibility flags, legacy-rule cohort, line of therapy and month	aml_nps_by_lot | aml_nps_share | aml_nps_dashboard	context/data/tables/z_abv_cws_mabi_onc_analytics_mabi_aml_nps_dashboard_lot_month_nps_summary_updated_business_rules_v2_sateek/profile.md	context/data/tables/z_abv_cws_mabi_onc_analytics_mabi_aml_nps_dashboard_lot_month_nps_summary_updated_business_rules_v2_sateek/analysis_columns.tsv	context/data/tables/z_abv_cws_mabi_onc_analytics_mabi_aml_nps_dashboard_lot_month_nps_summary_updated_business_rules_v2_sateek/columns.tsv	9	14
Z_ABV_CWS_MABI_ONC_ANALYTICS.MABI_AML_NPS_DASHBOARD_IPSOS_INDEX_REF_UPDATED_BUSINESS_RULES_v2	aml_nps_dashboard	Reported (Ipsos) Venclexta and total AML NPS per month next to the SHA counts from the dashboard	aml_nps_indexing	context/data/tables/z_abv_cws_mabi_onc_analytics_mabi_aml_nps_dashboard_ipsos_index_ref_updated_business_rules_v2/profile.md	context/data/tables/z_abv_cws_mabi_onc_analytics_mabi_aml_nps_dashboard_ipsos_index_ref_updated_business_rules_v2/analysis_columns.tsv	context/data/tables/z_abv_cws_mabi_onc_analytics_mabi_aml_nps_dashboard_ipsos_index_ref_updated_business_rules_v2/columns.tsv	5	5
Z_ABV_CWS_MABI_ONC_ANALYTICS.MABI_AML_NPS_DASHBOARD_1L_IC_INELIG_FINAL_DATA_MONTH_ROLLUP_UPDATED_BUSINESS_RULES_v2	aml_nps_dashboard	SHA AML NPS by reported month, account subtype and Academic / Community group	aml_nps_by_account | aml_nps_indexing	context/data/tables/z_abv_cws_mabi_onc_analytics_mabi_aml_nps_dashboard_1l_ic_inelig_final_data_month_rollup_updated_business_rules_v2/profile.md	context/data/tables/z_abv_cws_mabi_onc_analytics_mabi_aml_nps_dashboard_1l_ic_inelig_final_data_month_rollup_updated_business_rules_v2/analysis_columns.tsv	context/data/tables/z_abv_cws_mabi_onc_analytics_mabi_aml_nps_dashboard_1l_ic_inelig_final_data_month_rollup_updated_business_rules_v2/columns.tsv	7	9
abv_val_ptd_onc_venc_synd.all_claims_combined_fact_vw	source	claim-level RX/PX/SX APLD for the Venclexta patient universe with episode, regimen, backbone and line of therapy already mapped on	hcp_competitor_trx_gpo | sha_persistency | patient_flow_sequencing | time_to_treatment | sha_nps_by_product | sha_nps_by_regimen | cll_lot_base	context/data/tables/abv_val_ptd_onc_venc_synd_all_claims_combined_fact_vw/profile.md	context/data/tables/abv_val_ptd_onc_venc_synd_all_claims_combined_fact_vw/analysis_columns.tsv	context/data/tables/abv_val_ptd_onc_venc_synd_all_claims_combined_fact_vw/columns.tsv	22	22
abv_val_ptd_onc_venc_synd.dx_fact_vw	source	patient diagnosis claims with first-position ICD-9/ICD-10 codes	time_to_treatment	context/data/tables/abv_val_ptd_onc_venc_synd_dx_fact_vw/profile.md	context/data/tables/abv_val_ptd_onc_venc_synd_dx_fact_vw/analysis_columns.tsv	context/data/tables/abv_val_ptd_onc_venc_synd_dx_fact_vw/columns.tsv	7	7
abv_val_ptd_synd.mapping_mx_activity_freq_tbl	source	per-patient medical-activity periods used as the Mx half of the eligibility test	sha_nps_by_product | sha_nps_by_regimen | gpo_nps_by_product | gpo_nps_by_regimen	context/data/tables/abv_val_ptd_synd_work_mapping_mx_activity_freq_tbl/profile.md	context/data/tables/abv_val_ptd_synd_work_mapping_mx_activity_freq_tbl/analysis_columns.tsv	context/data/tables/abv_val_ptd_synd_work_mapping_mx_activity_freq_tbl/columns.tsv	6	6
abv_val_ptd_synd.mapping_rx_activity_freq_tbl	source	per-patient pharmacy-activity periods used as the Rx half of the eligibility test	sha_persistency | sha_nps_by_product | sha_nps_by_regimen | gpo_nps_by_product | gpo_nps_by_regimen	context/data/tables/abv_val_ptd_synd_work_mapping_rx_activity_freq_tbl/profile.md	context/data/tables/abv_val_ptd_synd_work_mapping_rx_activity_freq_tbl/analysis_columns.tsv	context/data/tables/abv_val_ptd_synd_work_mapping_rx_activity_freq_tbl/columns.tsv	6	6
