view	view_column	sha_ptd_source	komodo_source	confidence	notes
abv_val_ptd_onc_venc_synd.all_claims_combined_fact_vw	patient_sk	PTD_*.PATIENT_GID + source suffix 'SHA_PTDONC'	PHARMACY_EVENTS / MEDICAL_EVENTS.PATIENT_ID (kernel patient id) + source suffix	stated	Suffix rule from the view dictionary and SME Q-22; raw field matched by name.
abv_val_ptd_onc_venc_synd.all_claims_combined_fact_vw	claim_id	PTD_RX_CLAIM_MARKET.CLAIM_ID (Rx); PTD_PROCEDURE / PTD_SURGICAL_PROCEDURE.CLAIM_ID (Mx/Hx)	PHARMACY_EVENTS.PHARMACY_EVENT_ID; MEDICAL_EVENTS.MEDICAL_EVENT_ID	inferred	SHA Rx and Mx claim ids are different id spaces and cannot be linked.
abv_val_ptd_onc_venc_synd.all_claims_combined_fact_vw	claim_date	PTD_RX_CLAIM_MARKET.DATE_RX_FILLED; PTD_PROCEDURE.PROCEDURE_DATE or SERVICE_FROM_DATE; PTD_SURGICAL_PROCEDURE.PROCEDURE_DATE	PHARMACY_EVENTS.FILL_DATE; MEDICAL_EVENTS.SERVICE_DATE	inferred	Which Px date the view uses is not documented.
abv_val_ptd_onc_venc_synd.all_claims_combined_fact_vw	mastered_product_name	PTD_RX_CLAIM_MARKET.PRODUCT_NDC_CODE -> PTD_DRUG; PTD_PROCEDURE.PROCEDURE_CODE / DRUG_PRDCT_ID	NDC11, BRAND_NAME, GENERIC_NAME; MEDICAL_EVENTS.PROCEDURE_CODE / NDC11	inferred	Mastered upstream; the base layer filters on it, not on codes.
abv_val_ptd_onc_venc_synd.all_claims_combined_fact_vw	mdm_npi_number	PHYSICIAN_KEY -> PTD_PHYSICIAN.NPI_NUMBER (optional, paid field)	PHARMACY_EVENTS.PRESCRIBER_NPI; MEDICAL_EVENTS.RENDERING_NPI (or referring / billing)	inferred	MDM-resolved in the view; NULLs are dropped by the NPS dashboard HCP attribution.
abv_val_ptd_onc_venc_synd.all_claims_combined_fact_vw	PROCEDURE_CODE	PTD_PROCEDURE.PROCEDURE_CODE (CPT / HCPCS)	MEDICAL_EVENTS.PROCEDURE_CODE (CPT, HCPCS, ICD-10-PCS)	inferred	
abv_val_ptd_onc_venc_synd.all_claims_combined_fact_vw	PRODUCT_DAYS_SUPPLY	PTD_RX_CLAIM_MARKET.PRODUCT_DAYS_SUPPLY NUMBER(3); none on Px	PHARMACY_EVENTS.DAYS_SUPPLY; none on medical events	inferred	No medical days supply in either feed, hence the per-product PX DOS in config/tx_table.yaml.
abv_val_ptd_onc_venc_synd.all_claims_combined_fact_vw	PRODUCT_QTY_DISPENSED	PTD_RX_CLAIM_MARKET.PRODUCT_QTY_DISPENSED; PTD_PROCEDURE.SERVICE_UNIT_NUMBER	PHARMACY_EVENTS.QUANTITY; MEDICAL_EVENTS.UNITS + UNIT_TYPE	inferred	
abv_val_ptd_onc_venc_synd.all_claims_combined_fact_vw	SOURCE_PATIENT_HIPAA_BIRTH_YEAR	PTD_PATIENT.PATIENT_HIPAA_BIRTH_YEAR NUMBER(4) (adjusted for age >= 76)	PATIENT_DEMOGRAPHICS.PATIENT_YOB date 'YYYY-01-01'	inferred	new definition age threshold 65 is below the SHA adjustment age.
abv_val_ptd_onc_venc_synd.all_claims_combined_fact_vw	source_type	Rx claim table vs PTD_DIAGNOSIS / PTD_PROCEDURE / PTD_SURGICAL_PROCEDURE (RECORD_KEY DIAG / PROC / ICD9P)	PHARMACY_EVENTS vs MEDICAL_EVENTS	inferred	The view value is 'RX FACT', 'PX FACT' etc.
abv_val_ptd_onc_synd.dx_fact_curated_vw	SOURCE_DIAGNOSIS_CODE_1	PTD_DIAGNOSIS.DIAGNOSIS_CODE where DIAGNOSIS_TYPE_CODE = 0001 (principal)	first code of MEDICAL_EVENTS.DIAGNOSIS_CODES	inferred	Secondary positions (0002-0011) are not read by the AML pool or FIRST_DX.
abv_val_ptd_onc_synd.dx_fact_curated_vw	custom_field_value_1	not used for SHA	MEDICAL_EVENTS.DIAGNOSIS_CODES	inferred	Dictionary says '*'-separated, LIKE examples use '|', the dx view splits on '|'.
abv_val_ptd_onc_synd.dx_fact_curated_vw	CLAIM_DATE	PTD_DIAGNOSIS.SERVICE_FROM_DATE	MEDICAL_EVENTS.SERVICE_DATE	inferred	
abv_val_ptd_onc_synd.dx_fact_curated_vw	mx_claim_id	PTD_DIAGNOSIS.CLAIM_ID	MEDICAL_EVENTS.MEDICAL_EVENT_ID	inferred	The pool counts DISTINCT mx_claim_id.
