query_name	primary_kbt	secondary_kbts	question	dialect	data_source	tables	metrics	reusable_components	known_issue	file
AML_PRODUCT_CODE_LOOKUPS	1		Which NDC / procedure codes identify Onureg, Inqovi, Rezlidhia and Vanflyta in SHA?	Databricks / Spark SQL	SHA (SHA_PTD)	abv_val_ptd_onc_synd.dim_product_vw; abv_val_ptd_onc_synd.px_fact_curated_vw	none	generic-name and form filters, procedure-description LIKE patterns	The resulting code lists (onureg_codes etc.) are not used by any later step in the five notebooks: products come from mastered_product_name. Kept as a mapping reference.	verified_queries/kbt-01/aml_product_code_lookups.sql
AML_PATIENT_POOL_2PLUS_DX	1		Which patients enter the AML base-layer pool (2+ AML diagnosis claims)?	Databricks / Spark SQL	SHA (SHA_PTD)	abv_val_ptd_onc_synd.dx_fact_curated_vw	none	37-code AML diagnosis list, COUNT(DISTINCT mx_claim_id) > 1	Created as the temp view patient_pool; it is not persisted. No recency, competing-diagnosis or treatment requirement (open item OI-04). The Aug'26 eligibility build used market_code = 'VENC_AML' instead (OI-01).	verified_queries/kbt-01/aml_patient_pool_2plus_dx.sql
AML_TX_TABLE	1		How is the AML treatment-claims table built?	Databricks / Spark SQL	SHA (SHA_PTD)	abv_val_ptd_onc_venc_synd.all_claims_combined_fact_vw; patient_pool (temp view)	none	28-product basket, pool filter, column renames (patient_sk->PATIENT_GID, mastered_product_name->FINAL_PRODUCT_NAME, MDM_NPI_NUMBER->NPI_NUMBER, PROCEDURE_CODE->PRODUCT_CODE, source_type->NATIVE_TYPE)	market_code = 'VENC_AML' is commented out; the pool alone restricts the population. Writes Z_ABV_CWS_MABI_ONC_ANALYTICS.MABI_AML_REGIMEN_REVAMP_UPDATED_TX_TBL_BUSINESS_RULE_CHANGE_VAL_v2.	verified_queries/kbt-01/aml_tx_table.sql
AML_TX_DOS_GRACE	1		How are days of supply and grace assigned to AML treatment claims?	Databricks / Spark SQL	SHA (SHA_PTD)	Z_ABV_CWS_MABI_ONC_ANALYTICS.MABI_AML_REGIMEN_REVAMP_UPDATED_TX_TBL_BUSINESS_RULE_CHANGE_VAL_v2	none	Per-product grace CASE, Rx/PX DOS rule, Filgrastim exclusion	Oral products have no PX DOS branch; a PX claim for one would get NULL DOS (none observed in the Aug'26 QC). Writes Z_ABV_CWS_MABI_ONC_ANALYTICS.MABI_AML_REGIMEN_REVAMP_UPDATED_TX_TBL_FINAL_BUSINESS_RULE_CHANGE_VAL_v2.	verified_queries/kbt-01/aml_tx_dos_grace.sql
AML_SOB	2		What does the pldlib SOB step do to AML treatment claims?	Databricks / Spark SQL	SHA (SHA_PTD)	Z_ABV_CWS_MABI_ONC_ANALYTICS.MABI_AML_REGIMEN_REVAMP_UPDATED_TX_TBL_FINAL_BUSINESS_RULE_CHANGE_VAL_v2	none	dedup rank (yesremove), is_episode_start / is_episode_end, episode_num_drvd, episode_end_date1-4_drvd, episode_length, sob_lvl7 / sob_lvl4 / sob_lvl2	Rendered from the pldlib source (scripts/pldlib) with the AML_LOT_SOB_EPISODE parameters. lookback = 360 drives the NTB/RS classification only; grace drives episode breaks. DATA_PERIOD is a constant '202210' and data_end_required = 'no', so episode days are not capped at the data end. Writes Z_ABV_CWS_MABI_ONC_ANALYTICS.MABI_AML_REGIMEN_REVAMP_SOB_BUSINESS_RULE_CHANGE_VAL_v2.	verified_queries/kbt-02/aml_sob.sql
AML_EPISODE	2		How are AML product episodes built?	Databricks / Spark SQL	SHA (SHA_PTD)	Z_ABV_CWS_MABI_ONC_ANALYTICS.MABI_AML_REGIMEN_REVAMP_SOB_BUSINESS_RULE_CHANGE_VAL_v2	none	episode roll-up from SOB rows, episode_first_sob, first_claim_id_drvd	Rendered from the pldlib source with the AML_LOT_SOB_EPISODE parameters. The notebook passes the sob_df temp view; the persisted SOB table holds the same rows and is used here. metric_ordering_by_clmns is passed by the notebook but ignored by pldlib. Writes Z_ABV_CWS_MABI_ONC_ANALYTICS.MABI_AML_REGIMEN_REVAMP_EPISODE_BUSINESS_RULE_CHANGE_VAL_v2.	verified_queries/kbt-02/aml_episode.sql
AML_REGIMEN	3		How are AML regimens built from episodes?	Databricks / Spark SQL	SHA (SHA_PTD)	Z_ABV_CWS_MABI_ONC_ANALYTICS.MABI_AML_REGIMEN_REVAMP_EPISODE_BUSINESS_RULE_CHANGE_VAL_v2	none	cut-point union, interval midpoint join, sort_array(collect_set()), regimen_threshold_flag, gap_to_next_regimen, updated_regimen	Rendered from the pldlib source with the AML_LOT_REGIMEN parameters. clean_up_type 'no' and regimen_removal_vl '0,1' keep every interval. regimen_threshold_vl 5000 marks nearly all regimens as below threshold; that only affects UPDATED_REGIMEN, which the base layer does not use (it reads REGIMEN). Single-day episodes (start = end) never create cut points. The interval after a patient's last cut point runs to data_end_dt_vl 2400-01-01; it has no covering episode, so the midpoint join drops it. AML_LOT_REGIMEN reads the persisted episode table (the original team notebook read the episode_df temp view). Writes Z_ABV_CWS_MABI_ONC_ANALYTICS.MABI_AML_REGIMEN_REVAMP_BASIC_REGIMEN_BUSINESS_RULE_CHANGE_VAL_v2.	verified_queries/kbt-03/aml_regimen.sql
AML_REGIMEN_PATIENT_COUNT	3		How many patients reach the regimen table (row-count QC)?	Databricks / Spark SQL	SHA (SHA_PTD)	Z_ABV_CWS_MABI_ONC_ANALYTICS.MABI_AML_REGIMEN_REVAMP_BASIC_REGIMEN_BUSINESS_RULE_CHANGE_VAL_v2	none	patient-count QC	QC only.	verified_queries/kbt-03/aml_regimen_patient_count.sql
AML_PATIENT_INTENSITY_RULE_A	4		How is each AML patient classified IC Eligible or IC Ineligible (production rule)?	Databricks / Spark SQL	SHA (SHA_PTD)	Z_ABV_CWS_MABI_ONC_ANALYTICS.MABI_AML_REGIMEN_REVAMP_BASIC_REGIMEN_BUSINESS_RULE_CHANGE_VAL_v2	none	IC-Eligible-only product CASE, MIN over the journey	INQOVI and ONUREG are IC-Ineligible since the 2026 change; the RYD_MYL_FLG exception is commented out. Writes Z_ABV_CWS_MABI_ONC_ANALYTICS.MABI_AML_REGIMEN_REVAMP_PATIENT_COHORT_BUSINESS_RULE_CHANGE_VAL_v2. May'26 run: 43,194 IC_INELIG / 14,503 IC_ELIG.	verified_queries/kbt-04/aml_patient_intensity_rule_a.sql
AML_LOT_IC_INELIG	4		How is line of therapy assigned for IC Ineligible AML patients?	Databricks / Spark SQL	SHA (SHA_PTD)	Z_ABV_CWS_MABI_ONC_ANALYTICS.MABI_AML_REGIMEN_REVAMP_BASIC_REGIMEN_BUSINESS_RULE_CHANGE_VAL_v2; Z_ABV_CWS_MABI_ONC_ANALYTICS.MABI_AML_REGIMEN_REVAMP_PATIENT_COHORT_BUSINESS_RULE_CHANGE_VAL_v2	none	IC_INELIG backbone CASE, 90-day gap test, VEN<->HMA exception	ic_inelig_cons_final is a temp view (all regimens kept; no consolidation, no minimum-length filter), inlined as a CTE. Writes Z_ABV_CWS_MABI_ONC_ANALYTICS.MABI_AML_IC_INELIG_LOT_FINAL_BUSINESS_RULE_CHANGE_VAL_v2.	verified_queries/kbt-04/aml_lot_ic_inelig.sql
AML_LOT_IC_ELIG	4		How is line of therapy assigned for IC Eligible AML patients?	Databricks / Spark SQL	SHA (SHA_PTD)	Z_ABV_CWS_MABI_ONC_ANALYTICS.MABI_AML_REGIMEN_REVAMP_BASIC_REGIMEN_BUSINESS_RULE_CHANGE_VAL_v2; Z_ABV_CWS_MABI_ONC_ANALYTICS.MABI_AML_REGIMEN_REVAMP_PATIENT_COHORT_BUSINESS_RULE_CHANGE_VAL_v2	none	IC_ELIG backbone CASE (branch order = hierarchy)	ARSENIC_TRIOXIDE regimens stay in the table; exclude downstream with ARSENIC_FLG = 1. Writes Z_ABV_CWS_MABI_ONC_ANALYTICS.MABI_AML_IC_ELIG_LOT_FINAL_BUSINESS_RULE_CHANGE_VAL_v2.	verified_queries/kbt-04/aml_lot_ic_elig.sql
AML_COMBINED_LOT	4		What is the combined AML regimen-level line-of-therapy table?	Databricks / Spark SQL	SHA (SHA_PTD)	Z_ABV_CWS_MABI_ONC_ANALYTICS.MABI_AML_IC_ELIG_LOT_FINAL_BUSINESS_RULE_CHANGE_VAL_v2; Z_ABV_CWS_MABI_ONC_ANALYTICS.MABI_AML_IC_INELIG_LOT_FINAL_BUSINESS_RULE_CHANGE_VAL_v2	none	IC_ELIG / IC_INELIG union, TYPE column	Raw LOT; no relapse/remission refinement in this build (that step is only in the original team notebook Patient Eligibility.ipynb, not in this pack). Writes Z_ABV_CWS_MABI_ONC_ANALYTICS.MABI_AML_PATS_COMB_LOT_TBL_BUSINESS_RULE_CHANGE_VAL_v2.	verified_queries/kbt-04/aml_combined_lot.sql
AML_LOT_REGIMEN_GROUPING	4		What products make up each AML line of therapy?	Databricks / Spark SQL	SHA (SHA_PTD)	Z_ABV_CWS_MABI_ONC_ANALYTICS.MABI_AML_PATS_COMB_LOT_TBL_BUSINESS_RULE_CHANGE_VAL_v2	none	line start/end, product union per line	SQL EQUIVALENT, not team code: the notebook builds this table in pandas (merge_regimens) and writes Z_ABV_CWS_MABI_ONC_ANALYTICS.MABI_AML_PATS_LOT_GROUPING_TBL_BUSINESS_RULE_CHANGE_VAL_v2. ARRAY_JOIN(ARRAY_SORT(ARRAY_DISTINCT(...))) reproduces the sorted unique product list.	verified_queries/kbt-04/aml_lot_regimen_grouping.sql
AML_RULE_B_INPUTS	4		What inputs does the age + product (new definition) intensity use?	Databricks / Spark SQL	SHA (SHA_PTD)	Z_ABV_CWS_MABI_ONC_ANALYTICS.MABI_AML_PATS_LOT_GROUPING_TBL_BUSINESS_RULE_CHANGE_VAL_v2; abv_val_ptd_onc_venc_synd.all_claims_combined_fact_vw; Z_ABV_CWS_MABI_ONC_ANALYTICS.MABI_AML_PATS_COMB_LOT_TBL_BUSINESS_RULE_CHANGE_VAL_v2; abv_val_ptd_onc_synd.dx_fact_curated_vw; patient_pool	none	line-1 filter, birth-year join, first Dx/Tx	AML_LOT_PATIENT_INTENSITY_LOT cell 44 was fixed (2026-10-07) to .format() the grouping table name; it previously sent {lot_regimen_group} to Spark literally. The classifier itself is Python (rules listed in reference_codes_and_mappings.md). Birth-year join is DISTINCT patient_sk + birth year; a patient with two birth years duplicates. Writes Z_ABV_CWS_MABI_ONC_ANALYTICS.PATIENT_INTENSITY_BASED_ON_AGE_N_PRODUCT_v2 after classification.	verified_queries/kbt-04/aml_rule_b_inputs.sql
AML_EXACT_DATE_ACTIVITY	5		How are the Mx and Rx exact-date activity tables for AML eligibility built?	Databricks / Spark SQL	SHA (SHA_PTD)	abv_val_ptd_onc_venc_synd.all_claims_combined_fact_vw; abv_val_ptd_onc_synd.dx_fact_curated_vw; Z_ABV_CWS_MABI_ONC_ANALYTICS.MABI_AML_PATS_COMB_LOT_TBL_BUSINESS_RULE_CHANGE_VAL	none	source_type LIKE patterns for Mx and Rx	No source_flag / source_market / market_code filter, so Mx activity is not ONC-limited (OI-07). Writes Z_ABV_CWS_MABI_ONC_ANALYTICS.MABI_MX_ACT_TBL_AML_EXACT_DATES_KA_v2 and Z_ABV_CWS_MABI_ONC_ANALYTICS.MABI_RX_ACT_TBL_AML_EXACT_DATES_KA.	verified_queries/kbt-05/aml_exact_date_activity.sql
AML_FIRST_DX_TX	5		What are each AML patient's first diagnosis, first/last treatment and Venclexta start/end dates?	Databricks / Spark SQL	SHA (SHA_PTD)	Z_ABV_CWS_MABI_ONC_ANALYTICS.MABI_AML_PATS_COMB_LOT_TBL_BUSINESS_RULE_CHANGE_VAL; Z_ABV_CWS_MABI_ONC_ANALYTICS.MABI_AML_REGIMEN_REVAMP_EPISODE_BUSINESS_RULE_CHANGE_VAL; abv_val_ptd_onc_synd.dx_fact_curated_vw	none	first Dx, first/last Tx, VEN start/end	FIRST_DX has no source_flag filter. VEN_START is NULL for patients without Venclexta. Writes Z_ABV_CWS_MABI_ONC_ANALYTICS.MABI_AML_LOT_PAT_FST_DX_TX_TBL_BUSINESS_RULE_CHANGE_VAL.	verified_queries/kbt-05/aml_first_dx_tx.sql
AML_DX_LOOKBACK_ELIG	5		Which AML patients pass the diagnosis lookback eligibility (DX_LB_ELIG_FLG)?	Databricks / Spark SQL	SHA (SHA_PTD)	Z_ABV_CWS_MABI_ONC_ANALYTICS.MABI_AML_LOT_PAT_FST_DX_TX_TBL_BUSINESS_RULE_CHANGE_VAL; Z_ABV_CWS_MABI_ONC_ANALYTICS.MABI_MX_ACT_TBL_AML_EXACT_DATES_KA_v2; Z_ABV_CWS_MABI_ONC_ANALYTICS.MABI_RX_ACT_TBL_AML_EXACT_DATES_KA	none	6m / 12m lookback windows, exact-date activity joins	Rolling exact-date windows, not calendar semesters. Left joins fan out per claim before DISTINCT. Writes MABI_AML_LOT_PAT_DX_LB_ELIG_TBL_BUSINESS_RULE_CHANGE_VAL.	verified_queries/kbt-05/aml_dx_lookback_elig.sql
AML_TXL_MX_ELIG	5		Which AML patients pass TX_TXL_MX_ELIG_FLG (Mx continuity over the AML journey)?	Databricks / Spark SQL	SHA (SHA_PTD)	Z_ABV_CWS_MABI_ONC_ANALYTICS.MABI_AML_LOT_PAT_FST_DX_TX_TBL_BUSINESS_RULE_CHANGE_VAL (fst_dx_tx_tbl temp view); Z_ABV_CWS_MABI_ONC_ANALYTICS.MABI_MX_ACT_TBL_AML_EXACT_DATES_KA_v2	none	6-month interval spine via EXPLODE(sequence()), short-span pass, interval activity check	PARTLY SQL EQUIVALENT: the spine and short-span steps are team SQL; the interval check is pandas in the notebook and is reproduced in SQL here. Intervals are anchored on the span start (+n x 6 months), not calendar semesters. Writes Z_ABV_CWS_MABI_ONC_ANALYTICS.MABI_AML_LOT_PAT_TX_MX_TXL_ELIG_TBL_BUSINESS_RULE_CHANGE_VAL.	verified_queries/kbt-05/aml_txl_mx_elig.sql
AML_TXL_RX_ELIG	5		Which AML patients pass TX_TXL_RX_ELIG_FLG (Rx continuity over the AML journey)?	Databricks / Spark SQL	SHA (SHA_PTD)	Z_ABV_CWS_MABI_ONC_ANALYTICS.MABI_AML_LOT_PAT_FST_DX_TX_TBL_BUSINESS_RULE_CHANGE_VAL (fst_dx_tx_tbl temp view); Z_ABV_CWS_MABI_ONC_ANALYTICS.MABI_RX_ACT_TBL_AML_EXACT_DATES_KA	none	6-month interval spine via EXPLODE(sequence()), short-span pass, interval activity check	PARTLY SQL EQUIVALENT: the spine and short-span steps are team SQL; the interval check is pandas in the notebook and is reproduced in SQL here. Intervals are anchored on the span start (+n x 6 months), not calendar semesters. Writes Z_ABV_CWS_MABI_ONC_ANALYTICS.MABI_AML_LOT_PAT_TX_RX_TXL_ELIG_TBL_BUSINESS_RULE_CHANGE_VAL.	verified_queries/kbt-05/aml_txl_rx_elig.sql
AML_TXL_MX_VEN_ELIG	5		Which AML patients pass TX_TXL_MX_ELIG_VEN_FLG (Mx continuity over the Venclexta journey)?	Databricks / Spark SQL	SHA (SHA_PTD)	Z_ABV_CWS_MABI_ONC_ANALYTICS.MABI_AML_LOT_PAT_FST_DX_TX_TBL_BUSINESS_RULE_CHANGE_VAL (fst_dx_tx_tbl temp view); Z_ABV_CWS_MABI_ONC_ANALYTICS.MABI_MX_ACT_TBL_AML_EXACT_DATES_KA_v2	none	6-month interval spine via EXPLODE(sequence()), short-span pass, interval activity check	PARTLY SQL EQUIVALENT: the spine and short-span steps are team SQL; the interval check is pandas in the notebook and is reproduced in SQL here. Intervals are anchored on the span start (+n x 6 months), not calendar semesters. Patients with no Venclexta also pass (NULL span). Writes Z_ABV_CWS_MABI_ONC_ANALYTICS.MABI_AML_LOT_PAT_VEN_TX_MX_TXL_ELIG_TBL_BUSINESS_RULE_CHANGE_VAL.	verified_queries/kbt-05/aml_txl_mx_ven_elig.sql
AML_TXL_RX_VEN_ELIG	5		Which AML patients pass TX_TXL_RX_ELIG_VEN_FLG (Rx continuity over the Venclexta journey)?	Databricks / Spark SQL	SHA (SHA_PTD)	Z_ABV_CWS_MABI_ONC_ANALYTICS.MABI_AML_LOT_PAT_FST_DX_TX_TBL_BUSINESS_RULE_CHANGE_VAL (fst_dx_tx_tbl temp view); Z_ABV_CWS_MABI_ONC_ANALYTICS.MABI_RX_ACT_TBL_AML_EXACT_DATES_KA	none	6-month interval spine via EXPLODE(sequence()), short-span pass, interval activity check	PARTLY SQL EQUIVALENT: the spine and short-span steps are team SQL; the interval check is pandas in the notebook and is reproduced in SQL here. Intervals are anchored on the span start (+n x 6 months), not calendar semesters. Patients with no Venclexta also pass (NULL span). Writes Z_ABV_CWS_MABI_ONC_ANALYTICS.MABI_AML_LOT_PAT_VEN_TX_RX_TXL_ELIG_TBL_BUSINESS_RULE_CHANGE_VAL.	verified_queries/kbt-05/aml_txl_rx_ven_elig.sql
AML_VEN_MX_LOOKBACK_ELIG	5		Which AML patients pass TX_MX_LB_ELIG_VEN_FLG?	Databricks / Spark SQL	SHA (SHA_PTD)	Z_ABV_CWS_MABI_ONC_ANALYTICS.MABI_AML_LOT_PAT_FST_DX_TX_TBL_BUSINESS_RULE_CHANGE_VAL; abv_val_ptd_synd_work.mapping_mx_activity_freq_tbl; abv_val_ptd_onc_venc_synd.all_claims_combined_fact_vw	none	calendar-semester spine, semesterly activity join, {exc_dt} cap	PARAMETER {exc_dt} = first day of the last semester with complete data (set by the MAX MONTH cell; 2025-07-01 in the Aug'26 run). Activity table read from abv_val_ptd_synd_work without market_code = 'ONC' (OI-07). Writes Z_ABV_CWS_MABI_ONC_ANALYTICS.MABI_AML_LOT_PAT_VEN_TX_MX_LB_ELIG_TBL_BUSINESS_RULE_CHANGE_VAL.	verified_queries/kbt-05/aml_ven_mx_lookback_elig.sql
AML_VEN_RX_LOOKBACK_ELIG	5		Which AML patients pass TX_RX_LB_ELIG_VEN_FLG?	Databricks / Spark SQL	SHA (SHA_PTD)	Z_ABV_CWS_MABI_ONC_ANALYTICS.MABI_AML_LOT_PAT_FST_DX_TX_TBL_BUSINESS_RULE_CHANGE_VAL; abv_val_ptd_synd_work.mapping_rx_activity_freq_tbl; abv_val_ptd_onc_venc_synd.all_claims_combined_fact_vw	none	calendar-semester spine, semesterly activity join, {exc_dt} cap	PARAMETER {exc_dt} = first day of the last semester with complete data (set by the MAX MONTH cell; 2025-07-01 in the Aug'26 run). Activity table read from abv_val_ptd_synd_work without market_code = 'ONC' (OI-07). Writes Z_ABV_CWS_MABI_ONC_ANALYTICS.MABI_AML_LOT_PAT_VEN_TX_RX_LB_ELIG_TBL_BUSINESS_RULE_CHANGE_VAL.	verified_queries/kbt-05/aml_ven_rx_lookback_elig.sql
AML_FINAL_ELIG_FLAGS	5		How is the AML eligibility flags table assembled?	Databricks / Spark SQL	SHA (SHA_PTD)	Z_ABV_CWS_MABI_ONC_ANALYTICS.MABI_AML_LOT_PAT_FST_DX_TX_TBL_BUSINESS_RULE_CHANGE_VAL; flag tables above; Z_ABV_CWS_MABI_ONC_ANALYTICS.MABI_AML_PATS_COMB_LOT_TBL_BUSINESS_RULE_CHANGE_VAL; Z_ABV_CWS_MABI_ONC_ANALYTICS.PATIENT_INTENSITY_BASED_ON_AGE_N_PRODUCT; abv_val_ptd_onc_synd.sx_fact_curated_vw; px_fact_curated_vw; dx_fact_curated_vw	sct_rate, bmb_rate	flag joins, DX_TX_DIFF 0-60 days, SCT 51 Px/Sx codes + Z94.84/V42.82, ARSENIC_FLG COALESCE to 1	VEN_POST_DX_FLG and 2M_LF are not produced; derive them (context/domain/aml_eligibility_flags.md). Reads the un-suffixed new-definition table; AML_LOT_PATIENT_INTENSITY_LOT writes the _v2 name (OI-02). Writes Z_ABV_CWS_MABI_ONC_ANALYTICS.MABI_AML_LOT_PAT_ELIG_FLAGS_FINAL_BUSINESS_RULE_CHANGE_VAL.	verified_queries/kbt-05/aml_final_elig_flags.sql
AML_NPS_LINE_BACKBONE	6	4	How does the legacy NPS dashboard pick the backbone of each AML line?	Databricks / Spark SQL	SHA (SHA_PTD)	Z_ABV_CWS_MABI_ONC_ANALYTICS.MABI_AML_PATS_LOT_GROUPING_TBL_BUSINESS_RULE_CHANGE_VAL_v2_SATEEK; Z_ABV_CWS_MABI_ONC_ANALYTICS.MABI_AML_REGIMEN_REVAMP_PATIENT_COHORT_BUSINESS_RULE_CHANGE_VAL_v2	nps_dashboard_legacy	line-level backbone from rank lists, legacy-rule intensity join	SQL EQUIVALENT, not team code: the notebook does this in pandas (cell 29, get_backbone) and keeps it as the LOT_TBL temp view. Reads the personal _v2_SATEEK copy of the grouping table (OI-16). Patients with no cohort row use the IC_INELIG list. A line with no listed product gets UNKNOWN, which then has no backbone claim and so no NPI.	verified_queries/kbt-06/aml_nps_line_backbone.sql
AML_NPS_REG_NPI_ACI	6	4	Which HCP is the initiating prescriber of each AML line in the NPS dashboard?	Databricks / Spark SQL	SHA (SHA_PTD)	LOT_TBL (temp view); abv_val_ptd_onc_venc_synd.all_claims_combined_fact_vw; ABV_DDS_SYND.CUSTOMER_TBL	nps_dashboard_legacy	first-backbone-claim NPI attribution, NPI to ABBOTT_CUSTOMER_ID	Claim grain (one row per backbone claim in the line; the LEFT join keeps lines with none). REG_NUM is LOT here. Claims filter: ONC / SHA_PTD / VENC_AML, no FILGRASTIM, NPI not null. updated_tx_tbl is in a commented-out FROM ('tO BE CONFIRMED'); the claims view is read instead. Writes Z_ABV_CWS_MABI_ONC_ANALYTICS.MABI_AML_NPS_DASHBOARD_REG_NPI_ACI_MAPPING_UPDATED_BUSINESS_RULES_v2_SATEEK.	verified_queries/kbt-06/aml_nps_reg_npi_aci.sql
AML_NPS_ACCOUNT_TYPE_GROUP	6	4	How is the account type and account group of an AML NPS prescriber assigned?	Databricks / Spark SQL	SHA (SHA_PTD)	Z_ABV_CWS_MABI_ONC_ANALYTICS.MABI_AML_NPS_DASHBOARD_REG_NPI_ACI_MAPPING_UPDATED_BUSINESS_RULES_v2_SATEEK; ABV_ADS_SYND.DIM_ACCOUNT_AFFILIATIONS_TBL; ABV_MA360_MHCDM.MHCD_RLTN_ALL_ORG_CUSTOMR_WKLY_TBL; Z_ABV_CWS_MABI_ONC_ANALYTICS.heme_account; Z_ABV_CWS_MABI_ONC_ANALYTICS.MABI_AML_CHILD_ACCOUNT_DECILE	nps_dashboard_legacy	account subtype hierarchy, Reltio fallback, decile split of Community	heme_abbott_account_group is a temp view, inlined. The group table is written but no later cell reads it: the dashboard and rollup use the subtype (FINAL_ACCOUNT_TYPE_2) only, and the rollup re-groups it as Academic / Community. Writes Z_ABV_CWS_MABI_ONC_ANALYTICS.MABI_AML_NPS_DASHBOARD_1L_IC_INELIG_ACCT_TYPE_GRP_UPDATED_BUSINESS_RULES_v2_SATEEK.	verified_queries/kbt-06/aml_nps_account_type_group.sql
AML_NPS_HCP_INFO_MAP	6	4	Which HCP decile, above-brand and execution segment and account subtype attach to each AML line?	Databricks / Spark SQL	SHA (SHA_PTD)	Z_ABV_CWS_MABI_ONC_ANALYTICS.MABI_AML_NPS_DASHBOARD_REG_NPI_ACI_MAPPING_UPDATED_BUSINESS_RULES_v2_SATEEK; Z_ABV_CWS_MABI_ONC_ANALYTICS.MABI_AML_NPS_DASHBOARD_NPI_ABOVE_BRAND_SEGMENT; Z_ABV_CWS_MABI_ONC_ANALYTICS.MABI_AML_NPS_DASHBOARD_NPI_GNE_BRAND_SEGMENT_BKP; heme_abbott_account (temp view)	nps_dashboard_legacy	segment joins on NPI, account subtype join on Abbott id	heme_abbott_account is a temp view, inlined. The segment tables are joined without de-duplication; an NPI listed twice duplicates the line. The GNE segment comes from the _BKP table ('15k AML Segmented HCPs'), not _v2. Writes Z_ABV_CWS_MABI_ONC_ANALYTICS.MABI_AML_NPS_DASHBOARD_REG_HCP_INFO_MAPPING_UPDATED_BUSINESS_RULES_v2_SATEEK.	verified_queries/kbt-06/aml_nps_hcp_info_map.sql
AML_NPS_DASH_PBI_DATA	6	4	What is in the legacy AML NPS Power BI dataset?	Databricks / Spark SQL	SHA (SHA_PTD)	Z_ABV_CWS_MABI_ONC_ANALYTICS.MABI_AML_NPS_DASHBOARD_REG_HCP_INFO_MAPPING_UPDATED_BUSINESS_RULES_v2_SATEEK	nps_dashboard_legacy	backbone group CASE, Not Available handling, account subtype rank	Despite 1L_IC_INELIG in the table name, the 1L, intensity and eligibility filters are commented out: every line, both intensities, no gates. OTHER NOVEL AGENTS includes UNKNOWN and non-novel backbones. dash_tbl (cell 60) is a temp view, inlined. Writes Z_ABV_CWS_MABI_ONC_ANALYTICS.MABI_AML_NPS_DASHBOARD_1L_IC_INELIG_PBI_DATA_UPDATED_BUSINESS_RULES_v2_SATEEK.	verified_queries/kbt-06/aml_nps_dash_pbi_data.sql
AML_NPS_LOT_MONTH_SUMMARY	6	4	What are AML NPS volume and Venclexta / HMA / other share by line of therapy and month?	Databricks / Spark SQL	SHA (SHA_PTD)	Z_ABV_CWS_MABI_ONC_ANALYTICS.MABI_AML_NPS_DASHBOARD_1L_IC_INELIG_PBI_DATA_UPDATED_BUSINESS_RULES_v2_SATEEK; Z_ABV_CWS_MABI_ONC_ANALYTICS.MABI_AML_LOT_PAT_ELIG_FLAGS_FINAL_BUSINESS_RULE_CHANGE_VAL	nps_dashboard_legacy, nps_count	flags kept as dimensions, unmatched-flag labelling, monthly volume and share	PARTLY SQL EQUIVALENT: cell 72 is PySpark and is reproduced here; cell 80 is team SQL. Rendered with the shipped SUMMARY_TIME_BASIS = 'END' (month of line END, OI-17) and SUMMARY_START_YEAR = 2019. ARSENIC_FLG is not read; Legacy rule puts arsenic patients in IC_ELIG, so the IC_INELIG slice has none. The flags table is the un-suffixed Aug'26 build while the lines come from _v2 (OI-02). TOTAL_NPS is per slice; summing slices double-counts. Writes Z_ABV_CWS_MABI_ONC_ANALYTICS.MABI_AML_NPS_DASHBOARD_LOT_MONTH_NPS_SUMMARY_UPDATED_BUSINESS_RULES_v2_SATEEK.	verified_queries/kbt-06/aml_nps_lot_month_summary.sql
AML_NPS_IPSOS_INDEX	6	4	How does the SHA Venclexta NPS share compare with the reported (Ipsos) share by month?	Databricks / Spark SQL	SHA (SHA_PTD)	Z_ABV_CWS_MABI_ONC_ANALYTICS.MABI_AML_NPS_DASHBOARD_REPOSITORY; dash_tbl (temp view of Z_ABV_CWS_MABI_ONC_ANALYTICS.MABI_AML_NPS_DASHBOARD_REG_HCP_INFO_MAPPING_UPDATED_BUSINESS_RULES_v2_SATEEK)	nps_dashboard_legacy	reported vs observed month join, MM/dd/yyyy month keys	SHA counts are rows of dash_tbl: every line, both intensities, no gates, not de-duplicated (a segment fan-out counts twice). The cell sits after spark.stop() (cell 88), so it fails in a top-to-bottom run and the dash_tbl temp view is gone; run it before cell 88. Writes Z_ABV_CWS_MABI_ONC_ANALYTICS.MABI_AML_NPS_DASHBOARD_IPSOS_INDEX_REF_UPDATED_BUSINESS_RULES_v2.	verified_queries/kbt-06/aml_nps_ipsos_index.sql
AML_NPS_ACCT_MONTH_ROLLUP	6	4	What are AML NPS counts by month and account subtype / group for the dashboard?	Databricks / Spark SQL	SHA (SHA_PTD)	Z_ABV_CWS_MABI_ONC_ANALYTICS.MABI_AML_NPS_DASHBOARD_IPSOS_INDEX_REF_UPDATED_BUSINESS_RULES_v2; dash_tbl (temp view of Z_ABV_CWS_MABI_ONC_ANALYTICS.MABI_AML_NPS_DASHBOARD_REG_HCP_INFO_MAPPING_UPDATED_BUSINESS_RULES_v2_SATEEK)	nps_dashboard_legacy	Academic / Community regroup, backbone group flags by month	Counts DISTINCT patient x backbone x line start x subtype rows: every line, both intensities, no gates. Academic = Elite Oncology Center or Academic Teaching Hospital; everything else, including Not Available and Federal, is Community. Same spark.stop() ordering issue as AML_NPS_IPSOS_INDEX. Writes Z_ABV_CWS_MABI_ONC_ANALYTICS.MABI_AML_NPS_DASHBOARD_1L_IC_INELIG_FINAL_DATA_MONTH_ROLLUP_UPDATED_BUSINESS_RULES_v2.	verified_queries/kbt-06/aml_nps_acct_month_rollup.sql
